cycle_number,step_type,time_in_cycle_s,voltage_V,current_A,temperature_C,step_capacity_Ah,absolute_time
1,rest,0.0,3.3,0.0,45.1,0.0,2026-01-01 12:00:00
1,rest,300.0,3.2667,0.0,45.1,0.0,2026-01-01 13:00:00
1,rest,600.0,3.2333,0.0,45.1,0.0,2026-01-01 14:00:00
1,cccv_charge,900.0,3.3,51.0,44.9,17.238,2026-01-01 12:00:00
1,cccv_charge,1200.0,3.3167,51.0,45.4,34.476,2026-01-01 13:00:00
1,cccv_charge,1500.0,3.3333,51.0,44.9,51.714,2026-01-01 14:00:00
1,cccv_charge,1800.0,3.35,51.0,44.6,68.952,2026-01-01 15:00:00
1,cccv_charge,2100.0,3.3667,51.0,45.3,86.19,2026-01-01 16:00:00
1,cccv_charge,2400.0,3.3833,51.0,45.6,103.428,2026-01-01 17:00:00
1,rest,2700.0,3.3,0.0,44.7,0.0,2026-01-01 12:00:00
1,rest,3000.0,3.2667,0.0,45.0,0.0,2026-01-01 13:00:00
1,rest,3300.0,3.2333,0.0,44.8,0.0,2026-01-01 14:00:00
1,cc_discharge,3600.0,3.3,-51.0,44.9,17.238,2026-01-01 12:00:00
1,cc_discharge,3900.0,3.3167,-51.0,45.0,34.476,2026-01-01 13:00:00
1,cc_discharge,4200.0,3.3333,-51.0,44.6,51.714,2026-01-01 14:00:00
1,cc_discharge,4500.0,3.35,-51.0,44.9,68.952,2026-01-01 15:00:00
1,cc_discharge,4800.0,3.3667,-51.0,44.6,86.19,2026-01-01 16:00:00
1,cc_discharge,5100.0,3.3833,-51.0,44.8,103.428,2026-01-01 17:00:00
2,rest,0.0,3.3,0.0,44.6,0.0,2026-01-01 16:00:00
2,rest,300.0,3.2667,0.0,44.7,0.0,2026-01-01 17:00:00
2,rest,600.0,3.2333,0.0,44.5,0.0,2026-01-01 18:00:00
2,cccv_charge,900.0,3.3,51.0,45.4,17.0364,2026-01-01 16:00:00
2,cccv_charge,1200.0,3.3167,51.0,45.2,34.0728,2026-01-01 17:00:00
2,cccv_charge,1500.0,3.3333,51.0,44.4,51.1093,2026-01-01 18:00:00
2,cccv_charge,1800.0,3.35,51.0,44.8,68.1457,2026-01-01 19:00:00
2,cccv_charge,2100.0,3.3667,51.0,44.8,85.1821,2026-01-01 20:00:00
2,cccv_charge,2400.0,3.3833,51.0,44.8,102.2185,2026-01-01 21:00:00
2,rest,2700.0,3.3,0.0,44.6,0.0,2026-01-01 16:00:00
2,rest,3000.0,3.2667,0.0,45.2,0.0,2026-01-01 17:00:00
2,rest,3300.0,3.2333,0.0,44.9,0.0,2026-01-01 18:00:00
2,cc_discharge,3600.0,3.3,-51.0,45.1,17.0364,2026-01-01 16:00:00
2,cc_discharge,3900.0,3.3167,-51.0,45.2,34.0728,2026-01-01 17:00:00
2,cc_discharge,4200.0,3.3333,-51.0,45.4,51.1093,2026-01-01 18:00:00
2,cc_discharge,4500.0,3.35,-51.0,44.5,68.1457,2026-01-01 19:00:00
2,cc_discharge,4800.0,3.3667,-51.0,45.5,85.1821,2026-01-01 20:00:00
2,cc_discharge,5100.0,3.3833,-51.0,45.4,102.2185,2026-01-01 21:00:00
3,rest,0.0,3.3,0.0,45.2,0.0,2026-01-01 20:00:00
3,rest,300.0,3.2667,0.0,45.7,0.0,2026-01-01 21:00:00
3,rest,600.0,3.2333,0.0,45.1,0.0,2026-01-01 22:00:00
3,cccv_charge,900.0,3.3,51.0,45.2,16.855,2026-01-01 20:00:00
3,cccv_charge,1200.0,3.3167,51.0,44.8,33.7099,2026-01-01 21:00:00
3,cccv_charge,1500.0,3.3333,51.0,45.3,50.5649,2026-01-01 22:00:00
3,cccv_charge,1800.0,3.35,51.0,45.1,67.4199,2026-01-01 23:00:00
3,cccv_charge,2100.0,3.3667,51.0,44.9,84.2748,2026-01-02 00:00:00
3,cccv_charge,2400.0,3.3833,51.0,45.6,101.1298,2026-01-02 01:00:00
3,rest,2700.0,3.3,0.0,44.9,0.0,2026-01-01 20:00:00
3,rest,3000.0,3.2667,0.0,45.0,0.0,2026-01-01 21:00:00
3,rest,3300.0,3.2333,0.0,44.9,0.0,2026-01-01 22:00:00
3,cc_discharge,3600.0,3.3,-51.0,44.8,16.855,2026-01-01 20:00:00
3,cc_discharge,3900.0,3.3167,-51.0,45.2,33.7099,2026-01-01 21:00:00
3,cc_discharge,4200.0,3.3333,-51.0,45.2,50.5649,2026-01-01 22:00:00
3,cc_discharge,4500.0,3.35,-51.0,45.1,67.4199,2026-01-01 23:00:00
3,cc_discharge,4800.0,3.3667,-51.0,44.3,84.2748,2026-01-02 00:00:00
3,cc_discharge,5100.0,3.3833,-51.0,45.3,101.1298,2026-01-02 01:00:00
4,rest,0.0,3.3,0.0,44.9,0.0,2026-01-02 00:00:00
4,rest,300.0,3.2667,0.0,44.6,0.0,2026-01-02 01:00:00
4,rest,600.0,3.2333,0.0,45.2,0.0,2026-01-02 02:00:00
4,cccv_charge,900.0,3.3,51.0,45.2,16.6855,2026-01-02 00:00:00
4,cccv_charge,1200.0,3.3167,51.0,44.7,33.3709,2026-01-02 01:00:00
4,cccv_charge,1500.0,3.3333,51.0,45.7,50.0564,2026-01-02 02:00:00
4,cccv_charge,1800.0,3.35,51.0,44.6,66.7418,2026-01-02 03:00:00
4,cccv_charge,2100.0,3.3667,51.0,44.5,83.4273,2026-01-02 04:00:00
4,cccv_charge,2400.0,3.3833,51.0,44.7,100.1127,2026-01-02 05:00:00
4,rest,2700.0,3.3,0.0,45.4,0.0,2026-01-02 00:00:00
4,rest,3000.0,3.2667,0.0,44.9,0.0,2026-01-02 01:00:00
4,rest,3300.0,3.2333,0.0,44.9,0.0,2026-01-02 02:00:00
4,cc_discharge,3600.0,3.3,-51.0,45.0,16.6855,2026-01-02 00:00:00
4,cc_discharge,3900.0,3.3167,-51.0,44.8,33.3709,2026-01-02 01:00:00
4,cc_discharge,4200.0,3.3333,-51.0,44.8,50.0564,2026-01-02 02:00:00
4,cc_discharge,4500.0,3.35,-51.0,44.8,66.7418,2026-01-02 03:00:00
4,cc_discharge,4800.0,3.3667,-51.0,45.2,83.4273,2026-01-02 04:00:00
4,cc_discharge,5100.0,3.3833,-51.0,45.3,100.1127,2026-01-02 05:00:00
5,rest,0.0,3.3,0.0,44.7,0.0,2026-01-02 04:00:00
5,rest,300.0,3.2667,0.0,45.1,0.0,2026-01-02 05:00:00
5,rest,600.0,3.2333,0.0,45.2,0.0,2026-01-02 06:00:00
5,cccv_charge,900.0,3.3,51.0,44.7,16.5243,2026-01-02 04:00:00
5,cccv_charge,1200.0,3.3167,51.0,44.8,33.0486,2026-01-02 05:00:00
5,cccv_charge,1500.0,3.3333,51.0,44.7,49.5729,2026-01-02 06:00:00
5,cccv_charge,1800.0,3.35,51.0,44.6,66.0972,2026-01-02 07:00:00
5,cccv_charge,2100.0,3.3667,51.0,45.0,82.6215,2026-01-02 08:00:00
5,cccv_charge,2400.0,3.3833,51.0,44.8,99.1458,2026-01-02 09:00:00
5,rest,2700.0,3.3,0.0,45.2,0.0,2026-01-02 04:00:00
5,rest,3000.0,3.2667,0.0,45.0,0.0,2026-01-02 05:00:00
5,rest,3300.0,3.2333,0.0,45.1,0.0,2026-01-02 06:00:00
5,cc_discharge,3600.0,3.3,-51.0,44.9,16.5243,2026-01-02 04:00:00
5,cc_discharge,3900.0,3.3167,-51.0,44.8,33.0486,2026-01-02 05:00:00
5,cc_discharge,4200.0,3.3333,-51.0,45.0,49.5729,2026-01-02 06:00:00
5,cc_discharge,4500.0,3.35,-51.0,45.0,66.0972,2026-01-02 07:00:00
5,cc_discharge,4800.0,3.3667,-51.0,44.8,82.6215,2026-01-02 08:00:00
5,cc_discharge,5100.0,3.3833,-51.0,45.1,99.1458,2026-01-02 09:00:00
6,rest,0.0,3.3,0.0,45.2,0.0,2026-01-02 08:00:00
6,rest,300.0,3.2667,0.0,45.0,0.0,2026-01-02 09:00:00
6,rest,600.0,3.2333,0.0,45.5,0.0,2026-01-02 10:00:00
6,cccv_charge,900.0,3.3,51.0,44.8,16.3695,2026-01-02 08:00:00
6,cccv_charge,1200.0,3.3167,51.0,45.2,32.739,2026-01-02 09:00:00
6,cccv_charge,1500.0,3.3333,51.0,44.9,49.1085,2026-01-02 10:00:00
6,cccv_charge,1800.0,3.35,51.0,45.1,65.4781,2026-01-02 11:00:00
6,cccv_charge,2100.0,3.3667,51.0,44.8,81.8476,2026-01-02 12:00:00
6,cccv_charge,2400.0,3.3833,51.0,45.3,98.2171,2026-01-02 13:00:00
6,rest,2700.0,3.3,0.0,45.1,0.0,2026-01-02 08:00:00
6,rest,3000.0,3.2667,0.0,45.4,0.0,2026-01-02 09:00:00
6,rest,3300.0,3.2333,0.0,44.6,0.0,2026-01-02 10:00:00
6,cc_discharge,3600.0,3.3,-51.0,44.9,16.3695,2026-01-02 08:00:00
6,cc_discharge,3900.0,3.3167,-51.0,44.7,32.739,2026-01-02 09:00:00
6,cc_discharge,4200.0,3.3333,-51.0,44.8,49.1085,2026-01-02 10:00:00
6,cc_discharge,4500.0,3.35,-51.0,44.8,65.4781,2026-01-02 11:00:00
6,cc_discharge,4800.0,3.3667,-51.0,45.0,81.8476,2026-01-02 12:00:00
6,cc_discharge,5100.0,3.3833,-51.0,45.0,98.2171,2026-01-02 13:00:00
7,rest,0.0,3.3,0.0,45.0,0.0,2026-01-02 12:00:00
7,rest,300.0,3.2667,0.0,44.8,0.0,2026-01-02 13:00:00
7,rest,600.0,3.2333,0.0,45.1,0.0,2026-01-02 14:00:00
7,cccv_charge,900.0,3.3,51.0,45.3,16.2198,2026-01-02 12:00:00
7,cccv_charge,1200.0,3.3167,51.0,44.7,32.4397,2026-01-02 13:00:00
7,cccv_charge,1500.0,3.3333,51.0,45.0,48.6595,2026-01-02 14:00:00
7,cccv_charge,1800.0,3.35,51.0,45.0,64.8793,2026-01-02 15:00:00
7,cccv_charge,2100.0,3.3667,51.0,45.1,81.0991,2026-01-02 16:00:00
7,cccv_charge,2400.0,3.3833,51.0,45.0,97.319,2026-01-02 17:00:00
7,rest,2700.0,3.3,0.0,45.0,0.0,2026-01-02 12:00:00
7,rest,3000.0,3.2667,0.0,44.7,0.0,2026-01-02 13:00:00
7,rest,3300.0,3.2333,0.0,45.0,0.0,2026-01-02 14:00:00
7,cc_discharge,3600.0,3.3,-51.0,44.7,16.2198,2026-01-02 12:00:00
7,cc_discharge,3900.0,3.3167,-51.0,45.2,32.4397,2026-01-02 13:00:00
7,cc_discharge,4200.0,3.3333,-51.0,45.0,48.6595,2026-01-02 14:00:00
7,cc_discharge,4500.0,3.35,-51.0,45.0,64.8793,2026-01-02 15:00:00
7,cc_discharge,4800.0,3.3667,-51.0,44.7,81.0991,2026-01-02 16:00:00
7,cc_discharge,5100.0,3.3833,-51.0,45.2,97.319,2026-01-02 17:00:00
8,rest,0.0,3.3,0.0,45.2,0.0,2026-01-02 16:00:00
8,rest,300.0,3.2667,0.0,45.3,0.0,2026-01-02 17:00:00
8,rest,600.0,3.2333,0.0,45.7,0.0,2026-01-02 18:00:00
8,cccv_charge,900.0,3.3,51.0,45.0,16.0744,2026-01-02 16:00:00
8,cccv_charge,1200.0,3.3167,51.0,45.4,32.1488,2026-01-02 17:00:00
8,cccv_charge,1500.0,3.3333,51.0,45.0,48.2231,2026-01-02 18:00:00
8,cccv_charge,1800.0,3.35,51.0,45.1,64.2975,2026-01-02 19:00:00
8,cccv_charge,2100.0,3.3667,51.0,45.1,80.3719,2026-01-02 20:00:00
8,cccv_charge,2400.0,3.3833,51.0,45.1,96.4463,2026-01-02 21:00:00
8,rest,2700.0,3.3,0.0,45.2,0.0,2026-01-02 16:00:00
8,rest,3000.0,3.2667,0.0,44.9,0.0,2026-01-02 17:00:00
8,rest,3300.0,3.2333,0.0,45.0,0.0,2026-01-02 18:00:00
8,cc_discharge,3600.0,3.3,-51.0,45.2,16.0744,2026-01-02 16:00:00
8,cc_discharge,3900.0,3.3167,-51.0,45.5,32.1488,2026-01-02 17:00:00
8,cc_discharge,4200.0,3.3333,-51.0,44.7,48.2231,2026-01-02 18:00:00
8,cc_discharge,4500.0,3.35,-51.0,44.5,64.2975,2026-01-02 19:00:00
8,cc_discharge,4800.0,3.3667,-51.0,44.9,80.3719,2026-01-02 20:00:00
8,cc_discharge,5100.0,3.3833,-51.0,45.0,96.4463,2026-01-02 21:00:00
9,rest,0.0,3.3,0.0,45.1,0.0,2026-01-02 20:00:00
9,rest,300.0,3.2667,0.0,45.0,0.0,2026-01-02 21:00:00
9,rest,600.0,3.2333,0.0,45.4,0.0,2026-01-02 22:00:00
9,cccv_charge,900.0,3.3,51.0,45.3,15.9325,2026-01-02 20:00:00
9,cccv_charge,1200.0,3.3167,51.0,45.0,31.865,2026-01-02 21:00:00
9,cccv_charge,1500.0,3.3333,51.0,44.9,47.7976,2026-01-02 22:00:00
9,cccv_charge,1800.0,3.35,51.0,44.9,63.7301,2026-01-02 23:00:00
9,cccv_charge,2100.0,3.3667,51.0,44.9,79.6626,2026-01-03 00:00:00
9,cccv_charge,2400.0,3.3833,51.0,44.9,95.5951,2026-01-03 01:00:00
9,rest,2700.0,3.3,0.0,44.5,0.0,2026-01-02 20:00:00
9,rest,3000.0,3.2667,0.0,44.9,0.0,2026-01-02 21:00:00
9,rest,3300.0,3.2333,0.0,44.9,0.0,2026-01-02 22:00:00
9,cc_discharge,3600.0,3.3,-51.0,44.9,15.9325,2026-01-02 20:00:00
9,cc_discharge,3900.0,3.3167,-51.0,44.9,31.865,2026-01-02 21:00:00
9,cc_discharge,4200.0,3.3333,-51.0,45.2,47.7976,2026-01-02 22:00:00
9,cc_discharge,4500.0,3.35,-51.0,44.8,63.7301,2026-01-02 23:00:00
9,cc_discharge,4800.0,3.3667,-51.0,44.9,79.6626,2026-01-03 00:00:00
9,cc_discharge,5100.0,3.3833,-51.0,45.2,95.5951,2026-01-03 01:00:00
10,rest,0.0,3.3,0.0,44.9,0.0,2026-01-03 00:00:00
10,rest,300.0,3.2667,0.0,45.1,0.0,2026-01-03 01:00:00
10,rest,600.0,3.2333,0.0,45.2,0.0,2026-01-03 02:00:00
10,cccv_charge,900.0,3.3,51.0,45.1,15.7938,2026-01-03 00:00:00
10,cccv_charge,1200.0,3.3167,51.0,45.1,31.5876,2026-01-03 01:00:00
10,cccv_charge,1500.0,3.3333,51.0,44.9,47.3814,2026-01-03 02:00:00
10,cccv_charge,1800.0,3.35,51.0,45.2,63.1752,2026-01-03 03:00:00
10,cccv_charge,2100.0,3.3667,51.0,45.1,78.969,2026-01-03 04:00:00
10,cccv_charge,2400.0,3.3833,51.0,44.8,94.7628,2026-01-03 05:00:00
10,rest,2700.0,3.3,0.0,45.0,0.0,2026-01-03 00:00:00
10,rest,3000.0,3.2667,0.0,44.6,0.0,2026-01-03 01:00:00
10,rest,3300.0,3.2333,0.0,44.7,0.0,2026-01-03 02:00:00
10,cc_discharge,3600.0,3.3,-51.0,44.4,15.7938,2026-01-03 00:00:00
10,cc_discharge,3900.0,3.3167,-51.0,44.8,31.5876,2026-01-03 01:00:00
10,cc_discharge,4200.0,3.3333,-51.0,45.4,47.3814,2026-01-03 02:00:00
10,cc_discharge,4500.0,3.35,-51.0,44.8,63.1752,2026-01-03 03:00:00
10,cc_discharge,4800.0,3.3667,-51.0,45.2,78.969,2026-01-03 04:00:00
10,cc_discharge,5100.0,3.3833,-51.0,45.0,94.7628,2026-01-03 05:00:00
11,rest,0.0,3.3,0.0,44.8,0.0,2026-01-03 04:00:00
11,rest,300.0,3.2667,0.0,45.4,0.0,2026-01-03 05:00:00
11,rest,600.0,3.2333,0.0,45.2,0.0,2026-01-03 06:00:00
11,cccv_charge,900.0,3.3,51.0,44.5,15.6578,2026-01-03 04:00:00
11,cccv_charge,1200.0,3.3167,51.0,45.3,31.3156,2026-01-03 05:00:00
11,cccv_charge,1500.0,3.3333,51.0,44.7,46.9735,2026-01-03 06:00:00
11,cccv_charge,1800.0,3.35,51.0,44.9,62.6313,2026-01-03 07:00:00
11,cccv_charge,2100.0,3.3667,51.0,45.2,78.2891,2026-01-03 08:00:00
11,cccv_charge,2400.0,3.3833,51.0,44.9,93.9469,2026-01-03 09:00:00
11,rest,2700.0,3.3,0.0,45.3,0.0,2026-01-03 04:00:00
11,rest,3000.0,3.2667,0.0,45.2,0.0,2026-01-03 05:00:00
11,rest,3300.0,3.2333,0.0,44.5,0.0,2026-01-03 06:00:00
11,cc_discharge,3600.0,3.3,-51.0,44.9,15.6578,2026-01-03 04:00:00
11,cc_discharge,3900.0,3.3167,-51.0,45.1,31.3156,2026-01-03 05:00:00
11,cc_discharge,4200.0,3.3333,-51.0,44.8,46.9735,2026-01-03 06:00:00
11,cc_discharge,4500.0,3.35,-51.0,44.9,62.6313,2026-01-03 07:00:00
11,cc_discharge,4800.0,3.3667,-51.0,45.2,78.2891,2026-01-03 08:00:00
11,cc_discharge,5100.0,3.3833,-51.0,45.1,93.9469,2026-01-03 09:00:00
12,rest,0.0,3.3,0.0,44.7,0.0,2026-01-03 08:00:00
12,rest,300.0,3.2667,0.0,45.1,0.0,2026-01-03 09:00:00
12,rest,600.0,3.2333,0.0,44.8,0.0,2026-01-03 10:00:00
12,cccv_charge,900.0,3.3,51.0,44.6,15.5243,2026-01-03 08:00:00
12,cccv_charge,1200.0,3.3167,51.0,44.7,31.0486,2026-01-03 09:00:00
12,cccv_charge,1500.0,3.3333,51.0,45.1,46.5729,2026-01-03 10:00:00
12,cccv_charge,1800.0,3.35,51.0,45.0,62.0972,2026-01-03 11:00:00
12,cccv_charge,2100.0,3.3667,51.0,45.0,77.6215,2026-01-03 12:00:00
12,cccv_charge,2400.0,3.3833,51.0,44.7,93.1458,2026-01-03 13:00:00
12,rest,2700.0,3.3,0.0,44.9,0.0,2026-01-03 08:00:00
12,rest,3000.0,3.2667,0.0,44.7,0.0,2026-01-03 09:00:00
12,rest,3300.0,3.2333,0.0,44.7,0.0,2026-01-03 10:00:00
12,cc_discharge,3600.0,3.3,-51.0,45.0,15.5243,2026-01-03 08:00:00
12,cc_discharge,3900.0,3.3167,-51.0,44.6,31.0486,2026-01-03 09:00:00
12,cc_discharge,4200.0,3.3333,-51.0,45.2,46.5729,2026-01-03 10:00:00
12,cc_discharge,4500.0,3.35,-51.0,45.7,62.0972,2026-01-03 11:00:00
12,cc_discharge,4800.0,3.3667,-51.0,45.1,77.6215,2026-01-03 12:00:00
12,cc_discharge,5100.0,3.3833,-51.0,44.7,93.1458,2026-01-03 13:00:00
13,rest,0.0,3.3,0.0,44.9,0.0,2026-01-03 12:00:00
13,rest,300.0,3.2667,0.0,44.5,0.0,2026-01-03 13:00:00
13,rest,600.0,3.2333,0.0,44.9,0.0,2026-01-03 14:00:00
13,cccv_charge,900.0,3.3,51.0,45.2,15.393,2026-01-03 12:00:00
13,cccv_charge,1200.0,3.3167,51.0,45.2,30.786,2026-01-03 13:00:00
13,cccv_charge,1500.0,3.3333,51.0,44.7,46.179,2026-01-03 14:00:00
13,cccv_charge,1800.0,3.35,51.0,45.1,61.5719,2026-01-03 15:00:00
13,cccv_charge,2100.0,3.3667,51.0,45.3,76.9649,2026-01-03 16:00:00
13,cccv_charge,2400.0,3.3833,51.0,45.5,92.3579,2026-01-03 17:00:00
13,rest,2700.0,3.3,0.0,44.8,0.0,2026-01-03 12:00:00
13,rest,3000.0,3.2667,0.0,44.7,0.0,2026-01-03 13:00:00
13,rest,3300.0,3.2333,0.0,45.0,0.0,2026-01-03 14:00:00
13,cc_discharge,3600.0,3.3,-51.0,44.1,15.393,2026-01-03 12:00:00
13,cc_discharge,3900.0,3.3167,-51.0,44.8,30.786,2026-01-03 13:00:00
13,cc_discharge,4200.0,3.3333,-51.0,44.9,46.179,2026-01-03 14:00:00
13,cc_discharge,4500.0,3.35,-51.0,44.9,61.5719,2026-01-03 15:00:00
13,cc_discharge,4800.0,3.3667,-51.0,44.5,76.9649,2026-01-03 16:00:00
13,cc_discharge,5100.0,3.3833,-51.0,44.9,92.3579,2026-01-03 17:00:00
14,rest,0.0,3.3,0.0,44.8,0.0,2026-01-03 16:00:00
14,rest,300.0,3.2667,0.0,45.2,0.0,2026-01-03 17:00:00
14,rest,600.0,3.2333,0.0,44.7,0.0,2026-01-03 18:00:00
14,cccv_charge,900.0,3.3,51.0,44.9,15.2637,2026-01-03 16:00:00
14,cccv_charge,1200.0,3.3167,51.0,44.9,30.5274,2026-01-03 17:00:00
14,cccv_charge,1500.0,3.3333,51.0,45.2,45.791,2026-01-03 18:00:00
14,cccv_charge,1800.0,3.35,51.0,44.2,61.0547,2026-01-03 19:00:00
14,cccv_charge,2100.0,3.3667,51.0,44.9,76.3184,2026-01-03 20:00:00
14,cccv_charge,2400.0,3.3833,51.0,45.2,91.5821,2026-01-03 21:00:00
14,rest,2700.0,3.3,0.0,44.9,0.0,2026-01-03 16:00:00
14,rest,3000.0,3.2667,0.0,44.5,0.0,2026-01-03 17:00:00
14,rest,3300.0,3.2333,0.0,45.1,0.0,2026-01-03 18:00:00
14,cc_discharge,3600.0,3.3,-51.0,45.1,15.2637,2026-01-03 16:00:00
14,cc_discharge,3900.0,3.3167,-51.0,44.9,30.5274,2026-01-03 17:00:00
14,cc_discharge,4200.0,3.3333,-51.0,44.7,45.791,2026-01-03 18:00:00
14,cc_discharge,4500.0,3.35,-51.0,44.8,61.0547,2026-01-03 19:00:00
14,cc_discharge,4800.0,3.3667,-51.0,44.9,76.3184,2026-01-03 20:00:00
14,cc_discharge,5100.0,3.3833,-51.0,44.7,91.5821,2026-01-03 21:00:00
15,rest,0.0,3.3,0.0,44.4,0.0,2026-01-03 20:00:00
15,rest,300.0,3.2667,0.0,44.8,0.0,2026-01-03 21:00:00
15,rest,600.0,3.2333,0.0,45.0,0.0,2026-01-03 22:00:00
15,cccv_charge,900.0,3.3,51.0,44.8,15.1362,2026-01-03 20:00:00
15,cccv_charge,1200.0,3.3167,51.0,45.0,30.2724,2026-01-03 21:00:00
15,cccv_charge,1500.0,3.3333,51.0,45.0,45.4086,2026-01-03 22:00:00
15,cccv_charge,1800.0,3.35,51.0,45.3,60.5448,2026-01-03 23:00:00
15,cccv_charge,2100.0,3.3667,51.0,45.7,75.6811,2026-01-04 00:00:00
15,cccv_charge,2400.0,3.3833,51.0,45.2,90.8173,2026-01-04 01:00:00
15,rest,2700.0,3.3,0.0,44.6,0.0,2026-01-03 20:00:00
15,rest,3000.0,3.2667,0.0,44.2,0.0,2026-01-03 21:00:00
15,rest,3300.0,3.2333,0.0,45.0,0.0,2026-01-03 22:00:00
15,cc_discharge,3600.0,3.3,-51.0,45.0,15.1362,2026-01-03 20:00:00
15,cc_discharge,3900.0,3.3167,-51.0,44.7,30.2724,2026-01-03 21:00:00
15,cc_discharge,4200.0,3.3333,-51.0,45.1,45.4086,2026-01-03 22:00:00
15,cc_discharge,4500.0,3.35,-51.0,44.8,60.5448,2026-01-03 23:00:00
15,cc_discharge,4800.0,3.3667,-51.0,45.1,75.6811,2026-01-04 00:00:00
15,cc_discharge,5100.0,3.3833,-51.0,44.9,90.8173,2026-01-04 01:00:00
16,rest,0.0,3.3,0.0,45.1,0.0,2026-01-04 00:00:00
16,rest,300.0,3.2667,0.0,44.5,0.0,2026-01-04 01:00:00
16,rest,600.0,3.2333,0.0,44.9,0.0,2026-01-04 02:00:00
16,cccv_charge,900.0,3.3,51.0,45.0,15.0104,2026-01-04 00:00:00
16,cccv_charge,1200.0,3.3167,51.0,44.6,30.0209,2026-01-04 01:00:00
16,cccv_charge,1500.0,3.3333,51.0,45.6,45.0313,2026-01-04 02:00:00
16,cccv_charge,1800.0,3.35,51.0,44.8,60.0417,2026-01-04 03:00:00
16,cccv_charge,2100.0,3.3667,51.0,45.4,75.0522,2026-01-04 04:00:00
16,cccv_charge,2400.0,3.3833,51.0,44.8,90.0626,2026-01-04 05:00:00
16,rest,2700.0,3.3,0.0,44.9,0.0,2026-01-04 00:00:00
16,rest,3000.0,3.2667,0.0,45.4,0.0,2026-01-04 01:00:00
16,rest,3300.0,3.2333,0.0,45.1,0.0,2026-01-04 02:00:00
16,cc_discharge,3600.0,3.3,-51.0,45.1,15.0104,2026-01-04 00:00:00
16,cc_discharge,3900.0,3.3167,-51.0,45.1,30.0209,2026-01-04 01:00:00
16,cc_discharge,4200.0,3.3333,-51.0,44.6,45.0313,2026-01-04 02:00:00
16,cc_discharge,4500.0,3.35,-51.0,44.9,60.0417,2026-01-04 03:00:00
16,cc_discharge,4800.0,3.3667,-51.0,44.7,75.0522,2026-01-04 04:00:00
16,cc_discharge,5100.0,3.3833,-51.0,45.1,90.0626,2026-01-04 05:00:00
17,rest,0.0,3.3,0.0,44.8,0.0,2026-01-04 04:00:00
17,rest,300.0,3.2667,0.0,45.0,0.0,2026-01-04 05:00:00
17,rest,600.0,3.2333,0.0,45.0,0.0,2026-01-04 06:00:00
17,cccv_charge,900.0,3.3,51.0,45.0,14.8862,2026-01-04 04:00:00
17,cccv_charge,1200.0,3.3167,51.0,45.0,29.7724,2026-01-04 05:00:00
17,cccv_charge,1500.0,3.3333,51.0,44.8,44.6586,2026-01-04 06:00:00
17,cccv_charge,1800.0,3.35,51.0,44.7,59.5449,2026-01-04 07:00:00
17,cccv_charge,2100.0,3.3667,51.0,44.8,74.4311,2026-01-04 08:00:00
17,cccv_charge,2400.0,3.3833,51.0,45.3,89.3173,2026-01-04 09:00:00
17,rest,2700.0,3.3,0.0,45.1,0.0,2026-01-04 04:00:00
17,rest,3000.0,3.2667,0.0,45.2,0.0,2026-01-04 05:00:00
17,rest,3300.0,3.2333,0.0,45.4,0.0,2026-01-04 06:00:00
17,cc_discharge,3600.0,3.3,-51.0,44.6,14.8862,2026-01-04 04:00:00
17,cc_discharge,3900.0,3.3167,-51.0,45.2,29.7724,2026-01-04 05:00:00
17,cc_discharge,4200.0,3.3333,-51.0,44.7,44.6586,2026-01-04 06:00:00
17,cc_discharge,4500.0,3.35,-51.0,44.9,59.5449,2026-01-04 07:00:00
17,cc_discharge,4800.0,3.3667,-51.0,45.1,74.4311,2026-01-04 08:00:00
17,cc_discharge,5100.0,3.3833,-51.0,45.5,89.3173,2026-01-04 09:00:00
18,rest,0.0,3.3,0.0,44.8,0.0,2026-01-04 08:00:00
18,rest,300.0,3.2667,0.0,45.0,0.0,2026-01-04 09:00:00
18,rest,600.0,3.2333,0.0,45.3,0.0,2026-01-04 10:00:00
18,cccv_charge,900.0,3.3,51.0,44.6,14.7635,2026-01-04 08:00:00
18,cccv_charge,1200.0,3.3167,51.0,45.1,29.5269,2026-01-04 09:00:00
18,cccv_charge,1500.0,3.3333,51.0,44.9,44.2904,2026-01-04 10:00:00
18,cccv_charge,1800.0,3.35,51.0,44.7,59.0538,2026-01-04 11:00:00
18,cccv_charge,2100.0,3.3667,51.0,45.0,73.8173,2026-01-04 12:00:00
18,cccv_charge,2400.0,3.3833,51.0,45.2,88.5807,2026-01-04 13:00:00
18,rest,2700.0,3.3,0.0,44.7,0.0,2026-01-04 08:00:00
18,rest,3000.0,3.2667,0.0,45.1,0.0,2026-01-04 09:00:00
18,rest,3300.0,3.2333,0.0,45.1,0.0,2026-01-04 10:00:00
18,cc_discharge,3600.0,3.3,-51.0,44.6,14.7635,2026-01-04 08:00:00
18,cc_discharge,3900.0,3.3167,-51.0,45.5,29.5269,2026-01-04 09:00:00
18,cc_discharge,4200.0,3.3333,-51.0,45.3,44.2904,2026-01-04 10:00:00
18,cc_discharge,4500.0,3.35,-51.0,44.7,59.0538,2026-01-04 11:00:00
18,cc_discharge,4800.0,3.3667,-51.0,44.8,73.8173,2026-01-04 12:00:00
18,cc_discharge,5100.0,3.3833,-51.0,45.2,88.5807,2026-01-04 13:00:00
19,rest,0.0,3.3,0.0,44.9,0.0,2026-01-04 12:00:00
19,rest,300.0,3.2667,0.0,44.4,0.0,2026-01-04 13:00:00
19,rest,600.0,3.2333,0.0,45.3,0.0,2026-01-04 14:00:00
19,cccv_charge,900.0,3.3,51.0,45.0,14.642,2026-01-04 12:00:00
19,cccv_charge,1200.0,3.3167,51.0,45.6,29.2841,2026-01-04 13:00:00
19,cccv_charge,1500.0,3.3333,51.0,45.1,43.9261,2026-01-04 14:00:00
19,cccv_charge,1800.0,3.35,51.0,45.1,58.5682,2026-01-04 15:00:00
19,cccv_charge,2100.0,3.3667,51.0,45.9,73.2102,2026-01-04 16:00:00
19,cccv_charge,2400.0,3.3833,51.0,44.9,87.8523,2026-01-04 17:00:00
19,rest,2700.0,3.3,0.0,44.7,0.0,2026-01-04 12:00:00
19,rest,3000.0,3.2667,0.0,45.1,0.0,2026-01-04 13:00:00
19,rest,3300.0,3.2333,0.0,45.3,0.0,2026-01-04 14:00:00
19,cc_discharge,3600.0,3.3,-51.0,44.7,14.642,2026-01-04 12:00:00
19,cc_discharge,3900.0,3.3167,-51.0,44.7,29.2841,2026-01-04 13:00:00
19,cc_discharge,4200.0,3.3333,-51.0,45.1,43.9261,2026-01-04 14:00:00
19,cc_discharge,4500.0,3.35,-51.0,44.0,58.5682,2026-01-04 15:00:00
19,cc_discharge,4800.0,3.3667,-51.0,44.7,73.2102,2026-01-04 16:00:00
19,cc_discharge,5100.0,3.3833,-51.0,45.2,87.8523,2026-01-04 17:00:00
20,rest,0.0,3.3,0.0,44.8,0.0,2026-01-04 16:00:00
20,rest,300.0,3.2667,0.0,44.5,0.0,2026-01-04 17:00:00
20,rest,600.0,3.2333,0.0,45.6,0.0,2026-01-04 18:00:00
20,cccv_charge,900.0,3.3,51.0,44.6,14.5219,2026-01-04 16:00:00
20,cccv_charge,1200.0,3.3167,51.0,44.8,29.0438,2026-01-04 17:00:00
20,cccv_charge,1500.0,3.3333,51.0,44.9,43.5657,2026-01-04 18:00:00
20,cccv_charge,1800.0,3.35,51.0,45.0,58.0877,2026-01-04 19:00:00
20,cccv_charge,2100.0,3.3667,51.0,44.9,72.6096,2026-01-04 20:00:00
20,cccv_charge,2400.0,3.3833,51.0,45.0,87.1315,2026-01-04 21:00:00
20,rest,2700.0,3.3,0.0,45.0,0.0,2026-01-04 16:00:00
20,rest,3000.0,3.2667,0.0,45.0,0.0,2026-01-04 17:00:00
20,rest,3300.0,3.2333,0.0,45.0,0.0,2026-01-04 18:00:00
20,cc_discharge,3600.0,3.3,-51.0,44.3,14.5219,2026-01-04 16:00:00
20,cc_discharge,3900.0,3.3167,-51.0,45.1,29.0438,2026-01-04 17:00:00
20,cc_discharge,4200.0,3.3333,-51.0,44.6,43.5657,2026-01-04 18:00:00
20,cc_discharge,4500.0,3.35,-51.0,44.4,58.0877,2026-01-04 19:00:00
20,cc_discharge,4800.0,3.3667,-51.0,45.4,72.6096,2026-01-04 20:00:00
20,cc_discharge,5100.0,3.3833,-51.0,44.6,87.1315,2026-01-04 21:00:00
21,rest,0.0,3.3,0.0,45.1,0.0,2026-01-04 20:00:00
21,rest,300.0,3.2667,0.0,44.8,0.0,2026-01-04 21:00:00
21,rest,600.0,3.2333,0.0,44.8,0.0,2026-01-04 22:00:00
21,cccv_charge,900.0,3.3,51.0,45.1,14.403,2026-01-04 20:00:00
21,cccv_charge,1200.0,3.3167,51.0,44.7,28.806,2026-01-04 21:00:00
21,cccv_charge,1500.0,3.3333,51.0,45.1,43.2089,2026-01-04 22:00:00
21,cccv_charge,1800.0,3.35,51.0,45.1,57.6119,2026-01-04 23:00:00
21,cccv_charge,2100.0,3.3667,51.0,45.3,72.0149,2026-01-05 00:00:00
21,cccv_charge,2400.0,3.3833,51.0,44.9,86.4179,2026-01-05 01:00:00
21,rest,2700.0,3.3,0.0,45.3,0.0,2026-01-04 20:00:00
21,rest,3000.0,3.2667,0.0,45.5,0.0,2026-01-04 21:00:00
21,rest,3300.0,3.2333,0.0,45.5,0.0,2026-01-04 22:00:00
21,cc_discharge,3600.0,3.3,-51.0,45.2,14.403,2026-01-04 20:00:00
21,cc_discharge,3900.0,3.3167,-51.0,45.1,28.806,2026-01-04 21:00:00
21,cc_discharge,4200.0,3.3333,-51.0,45.9,43.2089,2026-01-04 22:00:00
21,cc_discharge,4500.0,3.35,-51.0,45.7,57.6119,2026-01-04 23:00:00
21,cc_discharge,4800.0,3.3667,-51.0,44.8,72.0149,2026-01-05 00:00:00
21,cc_discharge,5100.0,3.3833,-51.0,45.3,86.4179,2026-01-05 01:00:00
22,rest,0.0,3.3,0.0,45.2,0.0,2026-01-05 00:00:00
22,rest,300.0,3.2667,0.0,45.0,0.0,2026-01-05 01:00:00
22,rest,600.0,3.2333,0.0,45.0,0.0,2026-01-05 02:00:00
22,cccv_charge,900.0,3.3,51.0,45.1,14.2852,2026-01-05 00:00:00
22,cccv_charge,1200.0,3.3167,51.0,45.3,28.5703,2026-01-05 01:00:00
22,cccv_charge,1500.0,3.3333,51.0,45.1,42.8555,2026-01-05 02:00:00
22,cccv_charge,1800.0,3.35,51.0,45.1,57.1407,2026-01-05 03:00:00
22,cccv_charge,2100.0,3.3667,51.0,45.4,71.4258,2026-01-05 04:00:00
22,cccv_charge,2400.0,3.3833,51.0,45.1,85.711,2026-01-05 05:00:00
22,rest,2700.0,3.3,0.0,45.2,0.0,2026-01-05 00:00:00
22,rest,3000.0,3.2667,0.0,45.3,0.0,2026-01-05 01:00:00
22,rest,3300.0,3.2333,0.0,45.5,0.0,2026-01-05 02:00:00
22,cc_discharge,3600.0,3.3,-51.0,45.4,14.2852,2026-01-05 00:00:00
22,cc_discharge,3900.0,3.3167,-51.0,45.1,28.5703,2026-01-05 01:00:00
22,cc_discharge,4200.0,3.3333,-51.0,45.1,42.8555,2026-01-05 02:00:00
22,cc_discharge,4500.0,3.35,-51.0,44.6,57.1407,2026-01-05 03:00:00
22,cc_discharge,4800.0,3.3667,-51.0,45.1,71.4258,2026-01-05 04:00:00
22,cc_discharge,5100.0,3.3833,-51.0,44.7,85.711,2026-01-05 05:00:00
23,rest,0.0,3.3,0.0,44.7,0.0,2026-01-05 04:00:00
23,rest,300.0,3.2667,0.0,45.2,0.0,2026-01-05 05:00:00
23,rest,600.0,3.2333,0.0,45.0,0.0,2026-01-05 06:00:00
23,cccv_charge,900.0,3.3,51.0,45.1,14.1684,2026-01-05 04:00:00
23,cccv_charge,1200.0,3.3167,51.0,44.8,28.3369,2026-01-05 05:00:00
23,cccv_charge,1500.0,3.3333,51.0,45.4,42.5053,2026-01-05 06:00:00
23,cccv_charge,1800.0,3.35,51.0,45.0,56.6737,2026-01-05 07:00:00
23,cccv_charge,2100.0,3.3667,51.0,45.4,70.8421,2026-01-05 08:00:00
23,cccv_charge,2400.0,3.3833,51.0,45.2,85.0106,2026-01-05 09:00:00
23,rest,2700.0,3.3,0.0,45.0,0.0,2026-01-05 04:00:00
23,rest,3000.0,3.2667,0.0,44.9,0.0,2026-01-05 05:00:00
23,rest,3300.0,3.2333,0.0,45.0,0.0,2026-01-05 06:00:00
23,cc_discharge,3600.0,3.3,-51.0,45.2,14.1684,2026-01-05 04:00:00
23,cc_discharge,3900.0,3.3167,-51.0,45.2,28.3369,2026-01-05 05:00:00
23,cc_discharge,4200.0,3.3333,-51.0,44.6,42.5053,2026-01-05 06:00:00
23,cc_discharge,4500.0,3.35,-51.0,45.3,56.6737,2026-01-05 07:00:00
23,cc_discharge,4800.0,3.3667,-51.0,44.9,70.8421,2026-01-05 08:00:00
23,cc_discharge,5100.0,3.3833,-51.0,45.2,85.0106,2026-01-05 09:00:00
24,rest,0.0,3.3,0.0,44.8,0.0,2026-01-05 08:00:00
24,rest,300.0,3.2667,0.0,45.2,0.0,2026-01-05 09:00:00
24,rest,600.0,3.2333,0.0,44.8,0.0,2026-01-05 10:00:00
24,cccv_charge,900.0,3.3,51.0,45.0,14.0527,2026-01-05 08:00:00
24,cccv_charge,1200.0,3.3167,51.0,44.9,28.1054,2026-01-05 09:00:00
24,cccv_charge,1500.0,3.3333,51.0,44.9,42.1581,2026-01-05 10:00:00
24,cccv_charge,1800.0,3.35,51.0,44.8,56.2108,2026-01-05 11:00:00
24,cccv_charge,2100.0,3.3667,51.0,45.0,70.2635,2026-01-05 12:00:00
24,cccv_charge,2400.0,3.3833,51.0,44.5,84.3162,2026-01-05 13:00:00
24,rest,2700.0,3.3,0.0,45.3,0.0,2026-01-05 08:00:00
24,rest,3000.0,3.2667,0.0,45.3,0.0,2026-01-05 09:00:00
24,rest,3300.0,3.2333,0.0,44.9,0.0,2026-01-05 10:00:00
24,cc_discharge,3600.0,3.3,-51.0,44.6,14.0527,2026-01-05 08:00:00
24,cc_discharge,3900.0,3.3167,-51.0,44.8,28.1054,2026-01-05 09:00:00
24,cc_discharge,4200.0,3.3333,-51.0,45.3,42.1581,2026-01-05 10:00:00
24,cc_discharge,4500.0,3.35,-51.0,45.2,56.2108,2026-01-05 11:00:00
24,cc_discharge,4800.0,3.3667,-51.0,44.9,70.2635,2026-01-05 12:00:00
24,cc_discharge,5100.0,3.3833,-51.0,45.3,84.3162,2026-01-05 13:00:00
25,rest,0.0,3.3,0.0,44.7,0.0,2026-01-05 12:00:00
25,rest,300.0,3.2667,0.0,44.8,0.0,2026-01-05 13:00:00
25,rest,600.0,3.2333,0.0,45.1,0.0,2026-01-05 14:00:00
25,cccv_charge,900.0,3.3,51.0,45.0,13.9379,2026-01-05 12:00:00
25,cccv_charge,1200.0,3.3167,51.0,44.8,27.8758,2026-01-05 13:00:00
25,cccv_charge,1500.0,3.3333,51.0,44.2,41.8138,2026-01-05 14:00:00
25,cccv_charge,1800.0,3.35,51.0,45.2,55.7517,2026-01-05 15:00:00
25,cccv_charge,2100.0,3.3667,51.0,45.1,69.6896,2026-01-05 16:00:00
25,cccv_charge,2400.0,3.3833,51.0,44.5,83.6275,2026-01-05 17:00:00
25,rest,2700.0,3.3,0.0,45.2,0.0,2026-01-05 12:00:00
25,rest,3000.0,3.2667,0.0,45.0,0.0,2026-01-05 13:00:00
25,rest,3300.0,3.2333,0.0,45.1,0.0,2026-01-05 14:00:00
25,cc_discharge,3600.0,3.3,-51.0,45.3,13.9379,2026-01-05 12:00:00
25,cc_discharge,3900.0,3.3167,-51.0,44.8,27.8758,2026-01-05 13:00:00
25,cc_discharge,4200.0,3.3333,-51.0,45.2,41.8138,2026-01-05 14:00:00
25,cc_discharge,4500.0,3.35,-51.0,45.2,55.7517,2026-01-05 15:00:00
25,cc_discharge,4800.0,3.3667,-51.0,45.2,69.6896,2026-01-05 16:00:00
25,cc_discharge,5100.0,3.3833,-51.0,45.5,83.6275,2026-01-05 17:00:00
26,rest,0.0,3.3,0.0,45.2,0.0,2026-01-05 16:00:00
26,rest,300.0,3.2667,0.0,44.8,0.0,2026-01-05 17:00:00
26,rest,600.0,3.2333,0.0,45.5,0.0,2026-01-05 18:00:00
26,cccv_charge,900.0,3.3,51.0,44.7,13.8241,2026-01-05 16:00:00
26,cccv_charge,1200.0,3.3167,51.0,44.9,27.6481,2026-01-05 17:00:00
26,cccv_charge,1500.0,3.3333,51.0,44.7,41.4722,2026-01-05 18:00:00
26,cccv_charge,1800.0,3.35,51.0,45.0,55.2963,2026-01-05 19:00:00
26,cccv_charge,2100.0,3.3667,51.0,45.3,69.1203,2026-01-05 20:00:00
26,cccv_charge,2400.0,3.3833,51.0,45.4,82.9444,2026-01-05 21:00:00
26,rest,2700.0,3.3,0.0,45.1,0.0,2026-01-05 16:00:00
26,rest,3000.0,3.2667,0.0,44.8,0.0,2026-01-05 17:00:00
26,rest,3300.0,3.2333,0.0,44.8,0.0,2026-01-05 18:00:00
26,cc_discharge,3600.0,3.3,-51.0,44.8,13.8241,2026-01-05 16:00:00
26,cc_discharge,3900.0,3.3167,-51.0,45.3,27.6481,2026-01-05 17:00:00
26,cc_discharge,4200.0,3.3333,-51.0,44.7,41.4722,2026-01-05 18:00:00
26,cc_discharge,4500.0,3.35,-51.0,45.3,55.2963,2026-01-05 19:00:00
26,cc_discharge,4800.0,3.3667,-51.0,45.0,69.1203,2026-01-05 20:00:00
26,cc_discharge,5100.0,3.3833,-51.0,45.1,82.9444,2026-01-05 21:00:00
27,rest,0.0,3.3,0.0,45.5,0.0,2026-01-05 20:00:00
27,rest,300.0,3.2667,0.0,44.9,0.0,2026-01-05 21:00:00
27,rest,600.0,3.2333,0.0,45.5,0.0,2026-01-05 22:00:00
27,cccv_charge,900.0,3.3,51.0,44.6,13.7111,2026-01-05 20:00:00
27,cccv_charge,1200.0,3.3167,51.0,44.8,27.4222,2026-01-05 21:00:00
27,cccv_charge,1500.0,3.3333,51.0,44.5,41.1332,2026-01-05 22:00:00
27,cccv_charge,1800.0,3.35,51.0,44.8,54.8443,2026-01-05 23:00:00
27,cccv_charge,2100.0,3.3667,51.0,45.2,68.5554,2026-01-06 00:00:00
27,cccv_charge,2400.0,3.3833,51.0,45.2,82.2665,2026-01-06 01:00:00
27,rest,2700.0,3.3,0.0,45.1,0.0,2026-01-05 20:00:00
27,rest,3000.0,3.2667,0.0,45.1,0.0,2026-01-05 21:00:00
27,rest,3300.0,3.2333,0.0,44.6,0.0,2026-01-05 22:00:00
27,cc_discharge,3600.0,3.3,-51.0,44.6,13.7111,2026-01-05 20:00:00
27,cc_discharge,3900.0,3.3167,-51.0,45.1,27.4222,2026-01-05 21:00:00
27,cc_discharge,4200.0,3.3333,-51.0,45.4,41.1332,2026-01-05 22:00:00
27,cc_discharge,4500.0,3.35,-51.0,44.9,54.8443,2026-01-05 23:00:00
27,cc_discharge,4800.0,3.3667,-51.0,44.6,68.5554,2026-01-06 00:00:00
27,cc_discharge,5100.0,3.3833,-51.0,44.5,82.2665,2026-01-06 01:00:00
28,rest,0.0,3.3,0.0,44.8,0.0,2026-01-06 00:00:00
28,rest,300.0,3.2667,0.0,45.5,0.0,2026-01-06 01:00:00
28,rest,600.0,3.2333,0.0,44.9,0.0,2026-01-06 02:00:00
28,cccv_charge,900.0,3.3,51.0,44.7,13.5989,2026-01-06 00:00:00
28,cccv_charge,1200.0,3.3167,51.0,44.8,27.1979,2026-01-06 01:00:00
28,cccv_charge,1500.0,3.3333,51.0,44.9,40.7968,2026-01-06 02:00:00
28,cccv_charge,1800.0,3.35,51.0,45.1,54.3957,2026-01-06 03:00:00
28,cccv_charge,2100.0,3.3667,51.0,44.8,67.9947,2026-01-06 04:00:00
28,cccv_charge,2400.0,3.3833,51.0,44.7,81.5936,2026-01-06 05:00:00
28,rest,2700.0,3.3,0.0,44.9,0.0,2026-01-06 00:00:00
28,rest,3000.0,3.2667,0.0,45.1,0.0,2026-01-06 01:00:00
28,rest,3300.0,3.2333,0.0,45.2,0.0,2026-01-06 02:00:00
28,cc_discharge,3600.0,3.3,-51.0,45.2,13.5989,2026-01-06 00:00:00
28,cc_discharge,3900.0,3.3167,-51.0,44.9,27.1979,2026-01-06 01:00:00
28,cc_discharge,4200.0,3.3333,-51.0,44.5,40.7968,2026-01-06 02:00:00
28,cc_discharge,4500.0,3.35,-51.0,44.8,54.3957,2026-01-06 03:00:00
28,cc_discharge,4800.0,3.3667,-51.0,45.1,67.9947,2026-01-06 04:00:00
28,cc_discharge,5100.0,3.3833,-51.0,44.6,81.5936,2026-01-06 05:00:00
29,rest,0.0,3.3,0.0,45.1,0.0,2026-01-06 04:00:00
29,rest,300.0,3.2667,0.0,44.8,0.0,2026-01-06 05:00:00
29,rest,600.0,3.2333,0.0,44.8,0.0,2026-01-06 06:00:00
29,cccv_charge,900.0,3.3,51.0,45.3,13.4876,2026-01-06 04:00:00
29,cccv_charge,1200.0,3.3167,51.0,45.1,26.9752,2026-01-06 05:00:00
29,cccv_charge,1500.0,3.3333,51.0,45.4,40.4627,2026-01-06 06:00:00
29,cccv_charge,1800.0,3.35,51.0,44.7,53.9503,2026-01-06 07:00:00
29,cccv_charge,2100.0,3.3667,51.0,45.3,67.4379,2026-01-06 08:00:00
29,cccv_charge,2400.0,3.3833,51.0,45.3,80.9255,2026-01-06 09:00:00
29,rest,2700.0,3.3,0.0,44.1,0.0,2026-01-06 04:00:00
29,rest,3000.0,3.2667,0.0,45.0,0.0,2026-01-06 05:00:00
29,rest,3300.0,3.2333,0.0,45.5,0.0,2026-01-06 06:00:00
29,cc_discharge,3600.0,3.3,-51.0,45.2,13.4876,2026-01-06 04:00:00
29,cc_discharge,3900.0,3.3167,-51.0,44.9,26.9752,2026-01-06 05:00:00
29,cc_discharge,4200.0,3.3333,-51.0,44.9,40.4627,2026-01-06 06:00:00
29,cc_discharge,4500.0,3.35,-51.0,44.6,53.9503,2026-01-06 07:00:00
29,cc_discharge,4800.0,3.3667,-51.0,45.1,67.4379,2026-01-06 08:00:00
29,cc_discharge,5100.0,3.3833,-51.0,44.5,80.9255,2026-01-06 09:00:00
30,rest,0.0,3.3,0.0,44.7,0.0,2026-01-06 08:00:00
30,rest,300.0,3.2667,0.0,45.3,0.0,2026-01-06 09:00:00
30,rest,600.0,3.2333,0.0,45.0,0.0,2026-01-06 10:00:00
30,cccv_charge,900.0,3.3,51.0,44.9,13.377,2026-01-06 08:00:00
30,cccv_charge,1200.0,3.3167,51.0,45.0,26.754,2026-01-06 09:00:00
30,cccv_charge,1500.0,3.3333,51.0,45.8,40.131,2026-01-06 10:00:00
30,cccv_charge,1800.0,3.35,51.0,45.3,53.508,2026-01-06 11:00:00
30,cccv_charge,2100.0,3.3667,51.0,44.8,66.885,2026-01-06 12:00:00
30,cccv_charge,2400.0,3.3833,51.0,45.5,80.262,2026-01-06 13:00:00
30,rest,2700.0,3.3,0.0,45.0,0.0,2026-01-06 08:00:00
30,rest,3000.0,3.2667,0.0,45.2,0.0,2026-01-06 09:00:00
30,rest,3300.0,3.2333,0.0,44.8,0.0,2026-01-06 10:00:00
30,cc_discharge,3600.0,3.3,-51.0,44.7,13.377,2026-01-06 08:00:00
30,cc_discharge,3900.0,3.3167,-51.0,45.2,26.754,2026-01-06 09:00:00
30,cc_discharge,4200.0,3.3333,-51.0,44.8,40.131,2026-01-06 10:00:00
30,cc_discharge,4500.0,3.35,-51.0,44.8,53.508,2026-01-06 11:00:00
30,cc_discharge,4800.0,3.3667,-51.0,45.3,66.885,2026-01-06 12:00:00
30,cc_discharge,5100.0,3.3833,-51.0,44.7,80.262,2026-01-06 13:00:00
31,rest,0.0,3.3,0.0,44.6,0.0,2026-01-06 12:00:00
31,rest,300.0,3.2667,0.0,45.2,0.0,2026-01-06 13:00:00
31,rest,600.0,3.2333,0.0,44.4,0.0,2026-01-06 14:00:00
31,cccv_charge,900.0,3.3,51.0,44.8,13.2671,2026-01-06 12:00:00
31,cccv_charge,1200.0,3.3167,51.0,44.9,26.5343,2026-01-06 13:00:00
31,cccv_charge,1500.0,3.3333,51.0,44.6,39.8014,2026-01-06 14:00:00
31,cccv_charge,1800.0,3.35,51.0,44.7,53.0686,2026-01-06 15:00:00
31,cccv_charge,2100.0,3.3667,51.0,45.2,66.3357,2026-01-06 16:00:00
31,cccv_charge,2400.0,3.3833,51.0,45.1,79.6029,2026-01-06 17:00:00
31,rest,2700.0,3.3,0.0,44.7,0.0,2026-01-06 12:00:00
31,rest,3000.0,3.2667,0.0,45.2,0.0,2026-01-06 13:00:00
31,rest,3300.0,3.2333,0.0,45.5,0.0,2026-01-06 14:00:00
31,cc_discharge,3600.0,3.3,-51.0,44.6,13.2671,2026-01-06 12:00:00
31,cc_discharge,3900.0,3.3167,-51.0,45.0,26.5343,2026-01-06 13:00:00
31,cc_discharge,4200.0,3.3333,-51.0,45.6,39.8014,2026-01-06 14:00:00
31,cc_discharge,4500.0,3.35,-51.0,45.2,53.0686,2026-01-06 15:00:00
31,cc_discharge,4800.0,3.3667,-51.0,45.2,66.3357,2026-01-06 16:00:00
31,cc_discharge,5100.0,3.3833,-51.0,44.9,79.6029,2026-01-06 17:00:00
32,rest,0.0,3.3,0.0,44.8,0.0,2026-01-06 16:00:00
32,rest,300.0,3.2667,0.0,45.3,0.0,2026-01-06 17:00:00
32,rest,600.0,3.2333,0.0,45.2,0.0,2026-01-06 18:00:00
32,cccv_charge,900.0,3.3,51.0,45.0,13.158,2026-01-06 16:00:00
32,cccv_charge,1200.0,3.3167,51.0,44.9,26.316,2026-01-06 17:00:00
32,cccv_charge,1500.0,3.3333,51.0,44.5,39.474,2026-01-06 18:00:00
32,cccv_charge,1800.0,3.35,51.0,45.0,52.632,2026-01-06 19:00:00
32,cccv_charge,2100.0,3.3667,51.0,44.8,65.79,2026-01-06 20:00:00
32,cccv_charge,2400.0,3.3833,51.0,45.0,78.948,2026-01-06 21:00:00
32,rest,2700.0,3.3,0.0,45.2,0.0,2026-01-06 16:00:00
32,rest,3000.0,3.2667,0.0,45.2,0.0,2026-01-06 17:00:00
32,rest,3300.0,3.2333,0.0,45.2,0.0,2026-01-06 18:00:00
32,cc_discharge,3600.0,3.3,-51.0,45.7,13.158,2026-01-06 16:00:00
32,cc_discharge,3900.0,3.3167,-51.0,45.3,26.316,2026-01-06 17:00:00
32,cc_discharge,4200.0,3.3333,-51.0,44.8,39.474,2026-01-06 18:00:00
32,cc_discharge,4500.0,3.35,-51.0,44.8,52.632,2026-01-06 19:00:00
32,cc_discharge,4800.0,3.3667,-51.0,45.7,65.79,2026-01-06 20:00:00
32,cc_discharge,5100.0,3.3833,-51.0,44.8,78.948,2026-01-06 21:00:00
33,rest,0.0,3.3,0.0,45.0,0.0,2026-01-06 20:00:00
33,rest,300.0,3.2667,0.0,45.5,0.0,2026-01-06 21:00:00
33,rest,600.0,3.2333,0.0,45.5,0.0,2026-01-06 22:00:00
33,cccv_charge,900.0,3.3,51.0,45.0,13.0495,2026-01-06 20:00:00
33,cccv_charge,1200.0,3.3167,51.0,45.1,26.0991,2026-01-06 21:00:00
33,cccv_charge,1500.0,3.3333,51.0,44.5,39.1486,2026-01-06 22:00:00
33,cccv_charge,1800.0,3.35,51.0,44.7,52.1981,2026-01-06 23:00:00
33,cccv_charge,2100.0,3.3667,51.0,44.9,65.2477,2026-01-07 00:00:00
33,cccv_charge,2400.0,3.3833,51.0,45.0,78.2972,2026-01-07 01:00:00
33,rest,2700.0,3.3,0.0,44.9,0.0,2026-01-06 20:00:00
33,rest,3000.0,3.2667,0.0,45.0,0.0,2026-01-06 21:00:00
33,rest,3300.0,3.2333,0.0,45.7,0.0,2026-01-06 22:00:00
33,cc_discharge,3600.0,3.3,-51.0,45.1,13.0495,2026-01-06 20:00:00
33,cc_discharge,3900.0,3.3167,-51.0,45.1,26.0991,2026-01-06 21:00:00
33,cc_discharge,4200.0,3.3333,-51.0,45.0,39.1486,2026-01-06 22:00:00
33,cc_discharge,4500.0,3.35,-51.0,44.9,52.1981,2026-01-06 23:00:00
33,cc_discharge,4800.0,3.3667,-51.0,45.4,65.2477,2026-01-07 00:00:00
33,cc_discharge,5100.0,3.3833,-51.0,44.7,78.2972,2026-01-07 01:00:00
34,rest,0.0,3.3,0.0,45.0,0.0,2026-01-07 00:00:00
34,rest,300.0,3.2667,0.0,44.7,0.0,2026-01-07 01:00:00
34,rest,600.0,3.2333,0.0,45.0,0.0,2026-01-07 02:00:00
34,cccv_charge,900.0,3.3,51.0,45.0,12.9417,2026-01-07 00:00:00
34,cccv_charge,1200.0,3.3167,51.0,45.3,25.8835,2026-01-07 01:00:00
34,cccv_charge,1500.0,3.3333,51.0,45.4,38.8252,2026-01-07 02:00:00
34,cccv_charge,1800.0,3.35,51.0,45.2,51.7669,2026-01-07 03:00:00
34,cccv_charge,2100.0,3.3667,51.0,45.5,64.7086,2026-01-07 04:00:00
34,cccv_charge,2400.0,3.3833,51.0,45.5,77.6504,2026-01-07 05:00:00
34,rest,2700.0,3.3,0.0,45.1,0.0,2026-01-07 00:00:00
34,rest,3000.0,3.2667,0.0,45.1,0.0,2026-01-07 01:00:00
34,rest,3300.0,3.2333,0.0,44.4,0.0,2026-01-07 02:00:00
34,cc_discharge,3600.0,3.3,-51.0,45.1,12.9417,2026-01-07 00:00:00
34,cc_discharge,3900.0,3.3167,-51.0,45.0,25.8835,2026-01-07 01:00:00
34,cc_discharge,4200.0,3.3333,-51.0,44.5,38.8252,2026-01-07 02:00:00
34,cc_discharge,4500.0,3.35,-51.0,44.9,51.7669,2026-01-07 03:00:00
34,cc_discharge,4800.0,3.3667,-51.0,45.3,64.7086,2026-01-07 04:00:00
34,cc_discharge,5100.0,3.3833,-51.0,44.6,77.6504,2026-01-07 05:00:00
35,rest,0.0,3.3,0.0,45.4,0.0,2026-01-07 04:00:00
35,rest,300.0,3.2667,0.0,45.1,0.0,2026-01-07 05:00:00
35,rest,600.0,3.2333,0.0,44.9,0.0,2026-01-07 06:00:00
35,cccv_charge,900.0,3.3,51.0,45.0,12.8346,2026-01-07 04:00:00
35,cccv_charge,1200.0,3.3167,51.0,45.2,25.6691,2026-01-07 05:00:00
35,cccv_charge,1500.0,3.3333,51.0,44.6,38.5037,2026-01-07 06:00:00
35,cccv_charge,1800.0,3.35,51.0,45.6,51.3382,2026-01-07 07:00:00
35,cccv_charge,2100.0,3.3667,51.0,44.8,64.1728,2026-01-07 08:00:00
35,cccv_charge,2400.0,3.3833,51.0,44.8,77.0073,2026-01-07 09:00:00
35,rest,2700.0,3.3,0.0,45.4,0.0,2026-01-07 04:00:00
35,rest,3000.0,3.2667,0.0,45.2,0.0,2026-01-07 05:00:00
35,rest,3300.0,3.2333,0.0,45.4,0.0,2026-01-07 06:00:00
35,cc_discharge,3600.0,3.3,-51.0,45.3,12.8346,2026-01-07 04:00:00
35,cc_discharge,3900.0,3.3167,-51.0,45.1,25.6691,2026-01-07 05:00:00
35,cc_discharge,4200.0,3.3333,-51.0,44.6,38.5037,2026-01-07 06:00:00
35,cc_discharge,4500.0,3.35,-51.0,44.9,51.3382,2026-01-07 07:00:00
35,cc_discharge,4800.0,3.3667,-51.0,45.1,64.1728,2026-01-07 08:00:00
35,cc_discharge,5100.0,3.3833,-51.0,45.0,77.0073,2026-01-07 09:00:00
36,rest,0.0,3.3,0.0,44.4,0.0,2026-01-07 08:00:00
36,rest,300.0,3.2667,0.0,45.3,0.0,2026-01-07 09:00:00
36,rest,600.0,3.2333,0.0,45.5,0.0,2026-01-07 10:00:00
36,cccv_charge,900.0,3.3,51.0,45.4,12.728,2026-01-07 08:00:00
36,cccv_charge,1200.0,3.3167,51.0,44.7,25.456,2026-01-07 09:00:00
36,cccv_charge,1500.0,3.3333,51.0,45.1,38.184,2026-01-07 10:00:00
36,cccv_charge,1800.0,3.35,51.0,44.4,50.9119,2026-01-07 11:00:00
36,cccv_charge,2100.0,3.3667,51.0,45.5,63.6399,2026-01-07 12:00:00
36,cccv_charge,2400.0,3.3833,51.0,44.4,76.3679,2026-01-07 13:00:00
36,rest,2700.0,3.3,0.0,45.1,0.0,2026-01-07 08:00:00
36,rest,3000.0,3.2667,0.0,45.3,0.0,2026-01-07 09:00:00
36,rest,3300.0,3.2333,0.0,45.4,0.0,2026-01-07 10:00:00
36,cc_discharge,3600.0,3.3,-51.0,45.1,12.728,2026-01-07 08:00:00
36,cc_discharge,3900.0,3.3167,-51.0,44.6,25.456,2026-01-07 09:00:00
36,cc_discharge,4200.0,3.3333,-51.0,45.0,38.184,2026-01-07 10:00:00
36,cc_discharge,4500.0,3.35,-51.0,44.9,50.9119,2026-01-07 11:00:00
36,cc_discharge,4800.0,3.3667,-51.0,45.1,63.6399,2026-01-07 12:00:00
36,cc_discharge,5100.0,3.3833,-51.0,45.3,76.3679,2026-01-07 13:00:00
37,rest,0.0,3.3,0.0,45.2,0.0,2026-01-07 12:00:00
37,rest,300.0,3.2667,0.0,45.6,0.0,2026-01-07 13:00:00
37,rest,600.0,3.2333,0.0,45.2,0.0,2026-01-07 14:00:00
37,cccv_charge,900.0,3.3,51.0,44.9,12.622,2026-01-07 12:00:00
37,cccv_charge,1200.0,3.3167,51.0,45.5,25.244,2026-01-07 13:00:00
37,cccv_charge,1500.0,3.3333,51.0,44.9,37.866,2026-01-07 14:00:00
37,cccv_charge,1800.0,3.35,51.0,45.1,50.488,2026-01-07 15:00:00
37,cccv_charge,2100.0,3.3667,51.0,45.1,63.1101,2026-01-07 16:00:00
37,cccv_charge,2400.0,3.3833,51.0,44.3,75.7321,2026-01-07 17:00:00
37,rest,2700.0,3.3,0.0,45.1,0.0,2026-01-07 12:00:00
37,rest,3000.0,3.2667,0.0,45.1,0.0,2026-01-07 13:00:00
37,rest,3300.0,3.2333,0.0,44.9,0.0,2026-01-07 14:00:00
37,cc_discharge,3600.0,3.3,-51.0,45.0,12.622,2026-01-07 12:00:00
37,cc_discharge,3900.0,3.3167,-51.0,44.6,25.244,2026-01-07 13:00:00
37,cc_discharge,4200.0,3.3333,-51.0,45.0,37.866,2026-01-07 14:00:00
37,cc_discharge,4500.0,3.35,-51.0,45.5,50.488,2026-01-07 15:00:00
37,cc_discharge,4800.0,3.3667,-51.0,44.9,63.1101,2026-01-07 16:00:00
37,cc_discharge,5100.0,3.3833,-51.0,44.8,75.7321,2026-01-07 17:00:00
38,rest,0.0,3.3,0.0,44.8,0.0,2026-01-07 16:00:00
38,rest,300.0,3.2667,0.0,45.6,0.0,2026-01-07 17:00:00
38,rest,600.0,3.2333,0.0,44.6,0.0,2026-01-07 18:00:00
38,cccv_charge,900.0,3.3,51.0,45.3,12.5166,2026-01-07 16:00:00
38,cccv_charge,1200.0,3.3167,51.0,45.0,25.0332,2026-01-07 17:00:00
38,cccv_charge,1500.0,3.3333,51.0,45.6,37.5498,2026-01-07 18:00:00
38,cccv_charge,1800.0,3.35,51.0,45.4,50.0664,2026-01-07 19:00:00
38,cccv_charge,2100.0,3.3667,51.0,45.0,62.583,2026-01-07 20:00:00
38,cccv_charge,2400.0,3.3833,51.0,44.5,75.0996,2026-01-07 21:00:00
38,rest,2700.0,3.3,0.0,45.4,0.0,2026-01-07 16:00:00
38,rest,3000.0,3.2667,0.0,45.4,0.0,2026-01-07 17:00:00
38,rest,3300.0,3.2333,0.0,44.7,0.0,2026-01-07 18:00:00
38,cc_discharge,3600.0,3.3,-51.0,45.2,12.5166,2026-01-07 16:00:00
38,cc_discharge,3900.0,3.3167,-51.0,44.8,25.0332,2026-01-07 17:00:00
38,cc_discharge,4200.0,3.3333,-51.0,44.8,37.5498,2026-01-07 18:00:00
38,cc_discharge,4500.0,3.35,-51.0,44.5,50.0664,2026-01-07 19:00:00
38,cc_discharge,4800.0,3.3667,-51.0,45.3,62.583,2026-01-07 20:00:00
38,cc_discharge,5100.0,3.3833,-51.0,45.1,75.0996,2026-01-07 21:00:00
39,rest,0.0,3.3,0.0,45.1,0.0,2026-01-07 20:00:00
39,rest,300.0,3.2667,0.0,45.4,0.0,2026-01-07 21:00:00
39,rest,600.0,3.2333,0.0,45.2,0.0,2026-01-07 22:00:00
39,cccv_charge,900.0,3.3,51.0,45.2,12.4118,2026-01-07 20:00:00
39,cccv_charge,1200.0,3.3167,51.0,45.2,24.8235,2026-01-07 21:00:00
39,cccv_charge,1500.0,3.3333,51.0,44.7,37.2353,2026-01-07 22:00:00
39,cccv_charge,1800.0,3.35,51.0,45.0,49.647,2026-01-07 23:00:00
39,cccv_charge,2100.0,3.3667,51.0,44.6,62.0588,2026-01-08 00:00:00
39,cccv_charge,2400.0,3.3833,51.0,44.7,74.4705,2026-01-08 01:00:00
39,rest,2700.0,3.3,0.0,45.0,0.0,2026-01-07 20:00:00
39,rest,3000.0,3.2667,0.0,45.3,0.0,2026-01-07 21:00:00
39,rest,3300.0,3.2333,0.0,45.6,0.0,2026-01-07 22:00:00
39,cc_discharge,3600.0,3.3,-51.0,44.7,12.4118,2026-01-07 20:00:00
39,cc_discharge,3900.0,3.3167,-51.0,45.1,24.8235,2026-01-07 21:00:00
39,cc_discharge,4200.0,3.3333,-51.0,45.0,37.2353,2026-01-07 22:00:00
39,cc_discharge,4500.0,3.35,-51.0,45.2,49.647,2026-01-07 23:00:00
39,cc_discharge,4800.0,3.3667,-51.0,45.2,62.0588,2026-01-08 00:00:00
39,cc_discharge,5100.0,3.3833,-51.0,45.1,74.4705,2026-01-08 01:00:00
40,rest,0.0,3.3,0.0,44.7,0.0,2026-01-08 00:00:00
40,rest,300.0,3.2667,0.0,45.1,0.0,2026-01-08 01:00:00
40,rest,600.0,3.2333,0.0,45.3,0.0,2026-01-08 02:00:00
40,cccv_charge,900.0,3.3,51.0,44.8,12.3074,2026-01-08 00:00:00
40,cccv_charge,1200.0,3.3167,51.0,45.6,24.6149,2026-01-08 01:00:00
40,cccv_charge,1500.0,3.3333,51.0,44.9,36.9223,2026-01-08 02:00:00
40,cccv_charge,1800.0,3.35,51.0,44.8,49.2298,2026-01-08 03:00:00
40,cccv_charge,2100.0,3.3667,51.0,45.1,61.5372,2026-01-08 04:00:00
40,cccv_charge,2400.0,3.3833,51.0,44.9,73.8447,2026-01-08 05:00:00
40,rest,2700.0,3.3,0.0,44.6,0.0,2026-01-08 00:00:00
40,rest,3000.0,3.2667,0.0,45.0,0.0,2026-01-08 01:00:00
40,rest,3300.0,3.2333,0.0,45.5,0.0,2026-01-08 02:00:00
40,cc_discharge,3600.0,3.3,-51.0,45.6,12.3074,2026-01-08 00:00:00
40,cc_discharge,3900.0,3.3167,-51.0,44.8,24.6149,2026-01-08 01:00:00
40,cc_discharge,4200.0,3.3333,-51.0,45.3,36.9223,2026-01-08 02:00:00
40,cc_discharge,4500.0,3.35,-51.0,45.0,49.2298,2026-01-08 03:00:00
40,cc_discharge,4800.0,3.3667,-51.0,45.1,61.5372,2026-01-08 04:00:00
40,cc_discharge,5100.0,3.3833,-51.0,45.4,73.8447,2026-01-08 05:00:00
